Workbook

Sheet 架電リスト
A1: 私立高等学校 架電リスト（北海道・東北・関東・中部22都道県／803校）
A2: 出典：学校ネット 私立高校検索結果（ご提供の貼り付けデータ）。電話番号は2026年10月にWeb検索で調査（確度はF列、出典はN列）。架電前に「確度：中・低」の番号は念のためご確認ください。
A4: No. | B4: 都道府県 | C4: 所在地（市区町村） | D4: 学校名 | E4: 電話番号 | F4: 番号の確度 | G4: 学科 | H4: 架電日 | I4: 担当者 | J4: 架電結果 | K4: 次回連絡日 | L4: メモ | M4: 電話番号の補足 | N4: 電話番号の出典 | O4: 学校情報ページ
A5: 1 | B5: 北海道 | C5: 旭川市 | D5: 旭川志峯高等学校 | E5: 0166-48-1221 | F5: 高 | G5: 普通科 | J5: 未架電 | M5: 旧称は旭川大学高校。ハローワーク旭川の名簿（R7.6）とJS日本の学校の番号が一致 | N5: https://jsite.mhlw.go.jp/hokkaido-hellowork/content/contents/002280302.pdf ; https://school.js88.com/scl_h/22052950 | O5: 開く
A6: 2 | B6: 北海道 | C6: 旭川市 | D6: 旭川実業高等学校 | E6: 0166-51-1246 | F6: 高 | G6: 普通科・専門学科 | J6: 未架電 | M6: ハローワーク名簿とJS日本の学校・みんなの高校情報の番号が一致 | N6: https://jsite.mhlw.go.jp/hokkaido-hellowork/content/contents/002280302.pdf ; https://school.js88.com/scl_h/22052940 | O6: 開く
A7: 3 | B7: 北海道 | C7: 旭川市 | D7: 旭川藤星高等学校 | E7: 0166-51-8125 | F7: 中 | G7: 普通科 | J7: 未架電 | M7: JS日本の学校のみで確認。公式サイトは asahikawa-tosei.jp | N7: https://school.js88.com/scl_h/22052920 | O7: 開く
A8: 4 | B8: 北海道 | C8: 旭川市 | D8: 旭川明成高等学校 | E8: 0166-51-3220 | F8: 高 | G8: 総合学科 | J8: 未架電 | M8: ハローワーク名簿とJS日本の学校の番号が一致 | N8: https://jsite.mhlw.go.jp/hokkaido-hellowork/content/contents/002280302.pdf ; https://school.js88.com/scl_h/22053120 | O8: 開く
A9: 5 | B9: 北海道 | C9: 旭川市 | D9: 旭川龍谷高等学校 | E9: 0166-39-2700 | F9: 高 | G9: 普通科 | J9: 未架電 | M9: JS日本の学校と道私学協会の資料（2023）の番号が一致 | N9: https://school.js88.com/scl_h/22052930 ; https://www.doshigaku.jp/pdf/2023_transfe_10.pdf | O9: 開く
A10: 6 | B10: 北海道 | C10: 函館市 | D10: 遺愛女子高等学校（青山学院大学教育提携校） | E10: 0138-51-0418 | F10: 高 | G10: 普通科・専門学科 | J10: 未架電 | M10: 公式パンフレットで確認。学院の代表番号（中学校と共通） | N10: https://www.iaijoshi-h.ed.jp/wp-content/uploads/2022/07/2023遺愛女子高校パンフレット.pdf | O10: 開く
A11: 7 | B11: 北海道 | C11: 札幌市豊平区 | D11: 池上学院高等学校 | E11: 011-811-5297 | F11: 中 | G11: 普通科 | J11: 未架電 | M11: 通信制・札幌本校の番号。入学相談用フリーダイヤル0120-195-315の記載もあり | N11: https://www.minkou.jp/hischool/school/330/ | O11: 開く
A12: 8 | B12: 北海道 | C12: 小樽市 | D12: 小樽双葉高等学校 | E12: 0134-32-1828 | F12: 高 | G12: 普通科 | J12: 未架電 | M12: JS日本の学校と道私学協会の資料の番号が一致。通信制課程の職員室は0134-31-3100 | N12: https://school.js88.com/scl_h/22052880 ; https://www.doshigaku.jp/pdf/2023_transfe_10.pdf | O12: 開く
A13: 9 | B13: 北海道 | C13: 小樽市 | D13: 小樽明峰高等学校 | E13: 0134-22-7755 | F13: 高 | G13: 普通科 | J13: 未架電 | M13: JS日本の学校と札幌市中学校の資料の番号が一致 | N13: https://school.js88.com/scl_h/22052890/ ; https://www16.sapporo-c.ed.jp/sakaeminami-j/attach/get2/4692/0 | O13: 開く
A14: 10 | B14: 北海道 | C14: 帯広市 | D14: 帯広大谷高等学校 | E14: 0155-33-5811 | F14: 中 | G14: 普通科 | J14: 未架電 | M14: 2018年の高文連資料のみで確認。最新かは未確認 | N14: https://www.koubunren-volunteer.hokkaido-c.ed.jp/wysiwyg/file/download/1/16 | O14: 開く
A15: 11 | B15: 北海道 | C15: 帯広市 | D15: 帯広北高等学校 | E15: 0155-47-0121 | F15: 高 | G15: 普通科 | J15: 未架電 | M15: JS日本の学校とみんなの高校情報の番号が一致 | N15: https://school.js88.com/scl_h/22053070 ; https://www.minkou.jp/hischool/school/1042/ | O15: 開く
A16: 12 | B16: 北海道 | C16: 室蘭市 | D16: 海星学院高等学校 | E16: 0143-46-8888 | F16: 中 | G16: 普通科 | J16: 未架電 | M16: JS日本の学校のみで確認 | N16: https://school.js88.com/scl_h/22053040 | O16: 開く
... A22: 18 | B22: 北海道 | C22: 札幌市南区 | D22: 札幌新陽高等学校 | E22: 011-821-6161 | F22: 高 | G22: 普通科 | J22: 未架電 | M22: 札幌市の一覧とJS日本の学校で一致 | N22: https://www.city.sapporo.jp/minami/shisetsu/sonota.html ; https://school.js88.com/scl_h/22052720 | O22: 開く
A23: 19 | B23: 北海道 | C23: 和寒町 | D23: 札幌自由が丘学園三和高等学校 | F23: 要調査 | G23: 普通科 | J23: 未架電 | M23: 和寒本校の番号を特定できず。候補：011-792-1468（公式では札幌学習センター）／011-743-1267。校名変更の可能性あり | N23: https://sanwa71.sakura.ne.jp/contact/ ; https://www.mapion.co.jp/phonebook/M11004/01464/ILSP0000041214_ipclm/ | O23: 開く
A24: 20 | B24: 北海道 | C24: 札幌市中央区 | D24: 札幌静修高等学校 | E24: 011-521-0234 | F24: 中 | G24: 普通科・専門学科 | J24: 未架電 | M24: JS日本の学校のみで確認 | N24: https://school.js88.com/scl_h/22052690 | O24: 開く
A25: 21 | B25: 北海道 | C25: 札幌市北区 | D25: 札幌創成高等学校 | E25: 011-726-1578 | F25: 高 | G25: 普通科 | J25: 未架電 | M25: 道私学協会の資料と札幌市中学校の配布資料で一致 | N25: https://www.doshigaku.jp/pdf/2023_transfe_10.pdf ; https://school.js88.com/scl_h/22049910 | O25: 開く
A26: 22 | B26: 北海道 | C26: 札幌市豊平区 | D26: 札幌第一高等学校 | E26: 011-851-9361 | F26: 高 | G26: 普通科 | J26: 未架電 | M26: 公式サイトで「代表」と確認。入試事務局は011-851-6729 | N26: https://www.kibou.ac.jp/daiichi/introduction/access/ | O26: 開く
A27: 23 | B27: 北海道 | C27: 北広島市 | D27: 札幌日本大学高等学校 | E27: 011-375-2611 | F27: 高 | G27: 普通科 | J27: 未架電 | M27: 複数資料で一致。中高併設 | N27: https://school.js88.com/scl_h/22053100 | O27: 開く
A28: 24 | B28: 北海道 | C28: 札幌市東区 | D28: 札幌北斗高等学校 | E28: 011-711-6121 | F28: 高 | G28: 普通科 | J28: 未架電 | M28: 札幌市東区の学校一覧と地図サイトで一致 | N28: https://www.city.sapporo.jp/higashi/about/ins_school.html | O28: 開く
A29: 25 | B29: 北海道 | C29: 札幌市西区 | D29: 札幌山の手高等学校 | E29: 011-611-7301 | F29: 高 | G29: 普通科 | J29: 未架電 | M29: 代表番号。札幌市立中学校の配布資料と一致 | N29: https://school.js88.com/scl_h/22052710 | O29: 開く
A30: 26 | B30: 北海道 | C30: 札幌市中央区 | D30: 札幌龍谷学園高等学校 | E30: 011-631-4386 | F30: 中 | G30: 普通科 | J30: 未架電 | M30: 札幌市立中学校の配布チラシで確認。公式サイトでは未確認 | N30: https://www16.sapporo-c.ed.jp/kiyota-j/attach/get2/2208/0 | O30: 開く
A31: 27 | B31: 北海道 | C31: 芽室町 | D31: 白樺学園高等学校 | E31: 0155-62-7411 | F31: 高 | G31: 普通科 | J31: 未架電 | M31: 中高併設 | N31: https://school.js88.com/scl_h/22053060 | O31: 開く
A32: 28 | B32: 北海道 | C32: 芦別市 | D32: 星槎国際高等学校 | E32: 0124-24-6101 | F32: 高 | G32: 普通科 | J32: 未架電 | M32: 芦別の本部校の番号（公式サイト）。全国にキャンパスあり | N32: https://seisa.ed.jp/ashibetsu/access/ | O32: 開く
A33: 29 | B33: 北海道 | C33: 函館市 | D33: 清尚学院高等学校 | E33: 0138-41-6584 | F33: 中 | G33: 専門学科 | J33: 未架電 | M33: JS日本の学校のみで確認 | N33: https://school.js88.com/scl_h/22052840 | O33: 開く
A34: 30 | B34: 北海道 | C34: 札幌市南区 | D34: 東海大学付属札幌高等学校 | E34: 011-571-5175 | F34: 高 | G34: 普通科 | J34: 未架電 | M34: 複数資料で一致 | N34: https://school.js88.com/scl_h/22052760/ | O34: 開く
A35: 31 | B35: 北海道 | C35: 苫小牧市 | D35: 苫小牧中央高等学校 | E35: 0144-74-4200 | F35: 高 | G35: 普通科 | J35: 未架電 | M35: 公式サイト：事務室。職員室は0144-74-4300 | N35: https://haragakuen.ac.jp/access/ | O35: 開く
... A224: 220 | B224: 埼玉県 | C224: 入間市 | D224: 狭山ヶ丘高等学校 | E224: 04-2962-3844 | F224: 高 | G224: 普通科 | J224: 未架電 | M224: 付属中学校と共通 | N224: https://www.inter-edu.com/schools/school/275 ; https://www.univpress.co.jp/gk_pdf/11514.pdf | O224: 開く
A225: 221 | B225: 埼玉県 | C225: 杉戸町 | D225: 志学会高等学校 | F225: 要調査 | G225: 普通科 | J225: 未架電 | M225: 通信制。電話番号が見つからず（杉戸町並塚。2025年8月に岩槻校舎開校） | N225: https://www.inter-edu.com/schools/school/1784 ; https://studychain.jp/media/guide-136-2/ | O225: 開く
A226: 222 | B226: 埼玉県 | C226: 上尾市 | D226: 秀明英光高等学校 | E226: 048-781-8821 | F226: 高 | G226: 普通科 | J226: 未架電 | M226: 公式パンフレットに「代表」と記載 | N226: https://www.shumei-eiko.ac.jp/cms/wp-content/uploads/2024/05/schoolguide2025.pdf | O226: 開く
A227: 223 | B227: 埼玉県 | C227: 川越市 | D227: 秀明高等学校 | E227: 049-232-6611 | F227: 中 | G227: 普通科 | J227: 未架電 | M227: 中高共通。学校情報サイト1件のみで確認 | N227: https://www.inter-edu.com/schools/school/1365 | O227: 開く
A228: 224 | B228: 埼玉県 | C228: さいたま市中央区 | D228: 淑徳与野高等学校 | E228: 048-840-1035 | F228: 高 | G228: 普通科 | J228: 未架電 | M228: 中高共通 | N228: https://www.inter-edu.com/schools/school/1933 | O228: 開く
A229: 225 | B229: 埼玉県 | C229: 川越市 | D229: 城西大学付属川越高等学校 | E229: 049-224-5665 | F229: 高 | G229: 普通科 | J229: 未架電 | M229: 中高共通。2つの情報源で一致 | N229: https://www.univpress.co.jp/gk_pdf/11526.pdf ; https://map.yahoo.co.jp/v3/place/7eCemCgbEls | O229: 開く
A230: 226 | B230: 埼玉県 | C230: 深谷市 | D230: 正智深谷高等学校 | E230: 048-571-6032 | F230: 中 | G230: 普通科 | J230: 未架電 | M230: 学校情報サイト1件のみで確認 | N230: https://www.inter-edu.com/schools/school/614 | O230: 開く
A231: 227 | B231: 埼玉県 | C231: 杉戸町 | D231: 昌平高等学校 | E231: 0480-34-3381 | F231: 高 | G231: 普通科 | J231: 未架電 | M231: 2つのサイトで一致 | N231: https://www.inter-edu.com/schools/school/267 ; https://school.js88.com/scl_h/22004930 | O231: 開く
A232: 228 | B232: 埼玉県 | C232: 飯能市 | D232: 自由の森学園高等学校 | E232: 042-972-3131 | F232: 高 | G232: 普通科 | J232: 未架電 | M232: 中高共通 | N232: https://www.inter-edu.com/schools/school/293 ; https://map.yahoo.co.jp/v3/place/L57Rs8n2arw | O232: 開く
A233: 229 | B233: 埼玉県 | C233: 川越市 | D233: 城北埼玉高等学校 | E233: 049-235-3222 | F233: 中 | G233: 普通科 | J233: 未架電 | M233: 中高併設。学校情報サイト1件のみで確認 | N233: https://www.inter-edu.com/schools/school/202 | O233: 開く
A234: 230 | B234: 埼玉県 | C234: 狭山市 | D234: 西武学園文理高等学校 | E234: 04-2954-4080 | F234: 高 | G234: 普通科・専門学科 | J234: 未架電 | M234: 公式資料に「代表」と記載。中高共通 | N234: https://www.bunri-s.ed.jp/wp-content/uploads/2023/09/8dc6f2ecb08556dbce1a5e6fdde67118.pdf | O234: 開く
A235: 231 | B235: 埼玉県 | C235: 新座市 | D235: 西武台高等学校 | E235: 048-481-1701 | F235: 高 | G235: 普通科 | J235: 未架電 | M235: 西武台新座中学校と共通 | N235: https://www.inter-edu.com/schools/school/533 ; https://school.js88.com/scl_j/34029399 | O235: 開く
A236: 232 | B236: 埼玉県 | C236: 飯能市 | D236: 聖望学園高等学校 | E236: 042-973-1500 | F236: 高 | G236: 普通科 | J236: 未架電 | M236: 中高共通 | N236: https://www.inter-edu.com/schools/school/1960 | O236: 開く
A237: 233 | B237: 埼玉県 | C237: 越生町 | D237: 清和学園高等学校 | E237: 049-292-2017 | F237: 中 | G237: 普通科・専門学科 | J237: 未架電 | M237: 通信制。学校情報サイト1件のみで確認 | N237: https://studychain.jp/media/guide-112-2/ | O237: 開く
A238: 234 | B238: 埼玉県 | C238: 深谷市 | D238: 創学舎高等学校 | F238: 要調査 | G238: 総合学科 | J238: 未架電 | M238: 通信制（株式会社立）。電話番号が見つからず | N238: https://studychain.jp/media/guide-113-2/ | O238: 開く
A239: 235 | B239: 埼玉県 | C239: 深谷市 | D239: 東京成徳大学深谷高等学校 | E239: 048-571-1303 | F239: 中 | G239: 普通科 | J239: 未架電 | M239: 中高共通。学校情報サイト1件のみで確認 | N239: https://www.inter-edu.com/schools/school/274 | O239: 開く
A240: 236 | B240: 埼玉県 | C240: 東松山市 | D240: 東京農業大学第三高等学校 | E240: 0493-24-4611 | F240: 中 | G240: 普通科 | J240: 未架電 | M240: 中高共通。学校情報サイト1件のみで確認 | N240: https://www.inter-edu.com/schools/school/179 | O240: 開く
A241: 237 | B241: 埼玉県 | C241: 川越市 | D241: 東邦音楽大学附属東邦第二高等学校 | E241: 049-235-2401 | F241: 中 | G241: 専門学科 | J241: 未架電 | M241: 学校情報サイト1件のみで確認 | N241: https://www.inter-edu.com/schools/school/1935 | O241: 開く
A242: 238 | B242: 埼玉県 | C242: 越谷市 | D242: 獨協埼玉高等学校 | E242: 048-977-5441 | F242: 中 | G242: 普通科 | J242: 未架電 | M242: 中高共通。学校情報サイト1件のみで確認 | N242: https://www.inter-edu.com/schools/school/178 | O242: 開く
A243: 239 | B243: 埼玉県 | C243: 加須市 | D243: 花咲徳栄高等学校 | E243: 0480-65-7181 | F243: 中 | G243: 普通科・専門学科 | J243: 未架電 | M243: 学校情報サイト1件のみで確認 | N243: https://www.inter-edu.com/schools/school/669 | O243: 開く
A244: 240 | B244: 埼玉県 | C244: 入間市 | D244: 東野高等学校 | E244: 04-2934-5292 | F244: 高 | G244: 普通科 | J244: 未架電 | M244: 正式名は盈進学園東野高校。2つのサイトで一致 | N244: https://www.inter-edu.com/schools/school/1030 ; https://school.js88.com/scl_h/22005080 | O244: 開く
A245: 241 | B245: 埼玉県 | C245: 蕨市 | D245: 武南高等学校 | E245: 048-441-6948 | F245: 高 | G245: 普通科 | J245: 未架電 | M245: 中高併設。2つのサイトで一致 | N245: https://www.inter-edu.com/schools/school/273 ; https://shingakunet.com/area/saitama/warabishi/ | O245: 開く
A246: 242 | B246: 埼玉県 | C246: 川越市 | D246: 星野高等学校 | E246: 049-223-2888 | F246: 中 | G246: 普通科 | J246: 未架電 | M246: 石原キャンパス（中高共通）の番号。女子部（末広キャンパス）は別番号の可能性 | N246: https://www.inter-edu.com/schools/school/180 ; https://www.minkou.jp/hischool/school/4218/ | O246: 開く
A247: 243 | B247: 埼玉県 | C247: 志木市 | D247: 細田学園高等学校 | E247: 048-471-3255 | F247: 中 | G247: 普通科 | J247: 未架電 | M247: 学校情報サイト1件のみで確認 | N247: https://www.inter-edu.com/schools/school/683 | O247: 開く
A248: 244 | B248: 埼玉県 | C248: 本庄市 | D248: 本庄第一高等学校 | E248: 0495-24-1331 | F248: 高 | G248: 普通科 | J248: 未架電 | M248: 公式資料と学校情報サイトで一致。0495-24-1332は中学校の番号 | N248: https://school.js88.com/scl_h/22004700 ; https://www.hon1.ed.jp/wp-content/uploads/2024/03/67d4127a74b803e7daefda6a83089c2d.pdf | O248: 開く
A249: 245 | B249: 埼玉県 | C249: 本庄市 | D249: 本庄東高等学校 | E249: 0495-22-6351 | F249: 高 | G249: 普通科 | J249: 未架電 | M249: 代表として掲載。附属中学校は別番号（0495-27-6711） | N249: https://www.honjo-higashi.ed.jp/senior/hyouka-sheet.pdf ; https://www.inter-edu.com/schools/school/181 | O249: 開く
A250: 246 | B250: 埼玉県 | C250: 春日部市 | D250: 松栄学園高等学校 | F250: 要調査 | G250: 普通科 | J250: 未架電 | M250: 通信制。春日部本校の番号を確定できず。候補：048-978-0828（越谷校の番号の可能性） | N250: https://map.yahoo.co.jp/v3/place/x-2539sF1cY | O250: 開く
A251: 247 | B251: 埼玉県 | C251: 越生町 | D251: 武蔵越生高等学校 | E251: 049-292-3245 | F251: 中 | G251: 普通科 | J251: 未架電 | M251: 学校情報サイト1件のみで確認 | N251: https://www.inter-edu.com/schools/school/694 | O251: 開く
A252: 248 | B252: 埼玉県 | C252: 入間市 | D252: 武蔵野音楽大学附属高等学校 | E252: 04-2932-3063 | F252: 中 | G252: 専門学科 | J252: 未架電 | M252: 直通として掲載。2027年4月に練馬区へ移転予定との情報あり | N252: https://school.js88.com/scl_h/22004890 | O252: 開く
A253: 249 | B253: 埼玉県 | C253: 越谷市 | D253: 武蔵野星城高等学校 | E253: 048-987-1094 | F253: 中 | G253: 普通科 | J253: 未架電 | M253: 通信制。学校情報サイト2件で一致、公式未確認 | N253: https://studychain.jp/media/guide-115-2/ ; https://shingakunet.com/area/saitama/koshigayashi/ | O253: 開く
A254: 250 | B254: 埼玉県 | C254: 川越市 | D254: 山村学園高等学校 | E254: 049-225-3565 | F254: 中 | G254: 普通科 | J254: 未架電 | M254: 学校情報サイト1件のみで確認。山村国際高校（坂戸市）とは別の学校 | N254: https://www.inter-edu.com/schools/school/699 | O254: 開く
A255: 251 | B255: 埼玉県 | C255: 坂戸市 | D255: 山村国際高等学校 | E255: 049-281-0221 | F255: 高 | G255: 普通科 | J255: 未架電 | M255: 2つのサイトで一致。山村学園高校（川越市）とは別の学校 | N255: https://www.inter-edu.com/schools/school/700 ; https://school.js88.com/scl_h/22004720 | O255: 開く
A256: 252 | B256: 埼玉県 | C256: 新座市 | D256: 立教新座高等学校 | E256: 048-471-2323 | F256: 高 | G256: 普通科 | J256: 未架電 | M256: 中高共通 | N256: https://www.inter-edu.com/schools/school/1950 | O256: 開く
A257: 253 | B257: 埼玉県 | C257: 本庄市 | D257: 早稲田大学本庄高等学院 | E257: 0495-21-2400 | F257: 高 | G257: 普通科 | J257: 未架電 | M257: 公式サイトで確認 | N257: https://www.waseda.jp/school/honjo/access ; https://map.yahoo.co.jp/v3/place/Ob_2QGs8iuA | O257: 開く
A258: 254 | B258: 千葉県 | C258: 市川市 | D258: 日出学園高等学校 | E258: 047-324-0071 | F258: 中 | G258: 普通科 | J258: 未架電 | M258: 複数サイトで一致するが「学園業務部」の番号とする掲載あり。千葉県の古い一覧には047-322-3660の記載。代表か要確認 | N258: https://www.inter-edu.com/schools/school/169 ; https://school.js88.com/scl_h/22006740/ | O258: 開く
A259: 255 | B259: 千葉県 | C259: 四街道市 | D259: 愛国学園大学附属四街道高等学校 | E259: 043-421-3533 | F259: 高 | G259: 普通科 | J259: 未架電 | M259: 複数サイトで一致 | N259: https://school.js88.com/scl_h/22007000 ; https://www.minkou.jp/hischool/school/4/ | O259: 開く
A260: 256 | B260: 千葉県 | C260: 野田市 | D260: あずさ第一高等学校 | F260: 要調査 | G260: 普通科 | J260: 未架電 | M260: 通信制。代表番号が見つからず。候補：04-7122-2400（求人の応募用番号） | N260: https://www.minkou.jp/hischool/school/305/ | O260: 開く
A261: 257 | B261: 千葉県 | C261: 我孫子市 | D261: 我孫子二階堂高等学校 | E261: 04-7182-0101 | F261: 高 | G261: 普通科 | J261: 未架電 | M261: 学校情報サイトの複数ページで一致 | N261: https://school.js88.com/scl_h/22006850 | O261: 開く
A262: 258 | B262: 千葉県 | C262: 市川市 | D262: 市川高等学校（千葉県） | E262: 047-339-2681 | F262: 高 | G262: 普通科 | J262: 未架電 | M262: 中高共通。「代表」として掲載 | N262: https://www.inter-edu.com/schools/school/24 ; https://school.js88.com/scl_h/22006640/ | O262: 開く
A263: 259 | B263: 千葉県 | C263: 市原市 | D263: 市原中央高等学校 | E263: 0436-36-7131 | F263: 中 | G263: 普通科 | J263: 未架電 | M263: 学校情報サイト1件のみで確認 | N263: https://www.inter-edu.com/schools/school/558 | O263: 開く
A264: 260 | B264: 千葉県 | C264: 千葉市中央区 | D264: 植草学園大学附属高等学校 | E264: 043-252-3551 | F264: 高 | G264: 普通科・専門学科 | J264: 未架電 | M264: 2つの情報源で一致 | N264: https://www.inter-edu.com/schools/school/560 ; https://www.univpress.co.jp/gk_pdf/12542.pdf | O264: 開く
A265: 261 | B265: 千葉県 | C265: 千葉市若葉区 | D265: 桜林高等学校 | E265: 043-233-8081 | F265: 高 | G265: 普通科 | J265: 未架電 | M265: 2つのサイトで一致 | N265: https://www.inter-edu.com/schools/school/1817 ; https://school.js88.com/scl_h/34025096 | O265: 開く
A266: 262 | B266: 千葉県 | C266: 鴨川市 | D266: 鴨川令徳高等学校 | E266: 04-7092-0267 | F266: 高 | G266: 普通科 | J266: 未架電 | M266: 公式の募集要項で確認 | N266: https://reitoku.ed.jp/pdf/2024年度生徒募集要項.pdf | O266: 開く
A267: 263 | B267: 千葉県 | C267: 木更津市 | D267: 木更津総合高等学校 | E267: 0438-30-5511 | F267: 中 | G267: 普通科 | J267: 未架電 | M267: 学校情報サイト1件のみで確認 | N267: https://www.inter-edu.com/schools/school/579 | O267: 開く
A268: 264 | B268: 千葉県 | C268: 木更津市 | D268: 暁星国際高等学校 | E268: 0438-52-3291 | F268: 高 | G268: 普通科 | J268: 未架電 | M268: 中高共通。東京の暁星とは別の学校 | N268: https://www.inter-edu.com/schools/school/27 ; https://www.minkou.jp/junior/school/9352/ | O268: 開く
A269: 265 | B269: 千葉県 | C269: 千葉市稲毛区 | D269: 敬愛学園高等学校 | E269: 043-251-6361 | F269: 高 | G269: 普通科 | J269: 未架電 | M269: 2つのサイトで一致。千葉敬愛・敬愛大学八日市場・横芝敬愛とは別の学校 | N269: https://www.inter-edu.com/schools/school/583 ; https://school.js88.com/scl_h/22006800 | O269: 開く
A270: 266 | B270: 千葉県 | C270: 匝瑳市 | D270: 敬愛大学八日市場高等学校 | E270: 0479-72-1588 | F270: 高 | G270: 普通科 | J270: 未架電 | M270: 千葉県の私立高校名簿と一致。通信制の問い合わせは0479-79-6600とみられる | N270: https://www.pref.chiba.lg.jp/gakuji/shiritsutou/shiritsugakkou/koukou-meibo.html ; https://school.js88.com/scl_h/22006590 | O270: 開く
A271: 267 | B271: 千葉県 | C271: 松戸市 | D271: 光英VERITAS高等学校 | E271: 047-392-8111 | F271: 中 | G271: 普通科・専門学科 | J271: 未架電 | M271: 中高共通。旧 聖徳大学附属女子高校 | N271: https://www.inter-edu.com/schools/school/532 ; https://school.js88.com/scl_h/22007070 | O271: 開く
A272: 268 | B272: 千葉県 | C272: 市川市 | D272: 国府台女子学院高等部 | E272: 047-326-8100 | F272: 中 | G272: 普通科・専門学科 | J272: 未架電 | M272: 千葉県の教育便覧では高等部の番号。中高の番号として047-322-7770を載せる資料もあり、代表か不明。中学部は047-322-7777 | N272: https://school.js88.com/scl_h/22006780 ; https://www.pref.chiba.lg.jp/kyouiku/seisaku/kouhou/kyouikubinran/documents/192-197_1.pdf | O272: 開く
... A307: 303 | B307: 千葉県 | C307: 市川市 | D307: 不二女子高等学校 | E307: 047-333-6345 | F307: 高 | G307: 普通科 | J307: 未架電 | M307: 2つのサイトで一致 | N307: https://www.inter-edu.com/schools/school/1000 ; https://school.js88.com/scl_h/22006940 | O307: 開く
A308: 304 | B308: 千葉県 | C308: 千葉市中央区 | D308: 明聖高等学校 | F308: 要調査 | G308: 普通科 | J308: 未架電 | M308: 通信制。【移転】2026年9月に千葉本校が中央区中央港へ移転。移転前の番号は043-225-5622で、移転後の番号は確認できず | N308: https://map.yahoo.co.jp/v3/place/luayqlYCpL2 ; https://resemom.jp/release/prtimes/20260903/209471.html | O308: 開く
A309: 305 | B309: 千葉県 | C309: 茂原市 | D309: 茂原北陵高等学校 | E309: 0475-34-3211 | F309: 中 | G309: 普通科・専門学科 | J309: 未架電 | M309: 学校情報サイト1件のみで確認 | N309: https://www.inter-edu.com/schools/school/1028 | O309: 開く
A310: 306 | B310: 千葉県 | C310: 八千代市 | D310: 八千代松陰高等学校 | E310: 047-482-1234 | F310: 高 | G310: 普通科 | J310: 未架電 | M310: 公式サイトで確認。中高共通 | N310: https://www.yachiyoshoin.ac.jp/shs/admission-s/school-guide-s/ | O310: 開く
A311: 307 | B311: 千葉県 | C311: 横芝光町 | D311: 横芝敬愛高等学校 | E311: 0479-82-1239 | F311: 中 | G311: 普通科 | J311: 未架電 | M311: 学校情報サイト1件のみで確認 | N311: https://school.js88.com/scl_h/22006910 | O311: 開く
A312: 308 | B312: 千葉県 | C312: 柏市 | D312: 流通経済大学付属柏高等学校 | E312: 04-7131-5611 | F312: 高 | G312: 普通科 | J312: 未架電 | M312: 2つのサイトで一致 | N312: https://www.inter-edu.com/schools/school/2185 ; https://school.js88.com/scl_h/22007090 | O312: 開く
A313: 309 | B313: 千葉県 | C313: 柏市 | D313: 麗澤高等学校 | E313: 04-7173-3700 | F313: 高 | G313: 普通科 | J313: 未架電 | M313: 中高共通 | N313: https://www.inter-edu.com/schools/school/46 ; https://school.js88.com/scl_h/22006710?page=5 | O313: 開く
A314: 310 | B314: 千葉県 | C314: 多古町 | D314: わせがく高等学校 | E314: 0479-70-7622 | F314: 高 | G314: 普通科 | J314: 未架電 | M314: 通信制。公式の学校要覧で多古町の本校の番号として確認 | N314: https://www.wasegaku.ac.jp/img/others/informationdisclosure/schoolcatalog.pdf | O314: 開く
A315: 311 | B315: 千葉県 | C315: 市川市 | D315: 和洋国府台女子高等学校 | E315: 047-371-1120 | F315: 高 | G315: 普通科 | J315: 未架電 | M315: 2つのサイトで一致 | N315: https://www.inter-edu.com/schools/school/2051 ; https://school.js88.com/scl_h/22006700 | O315: 開く
A316: 312 | B316: 東京都 | C316: 江戸川区 | D316: 愛国高等学校 | E316: 03-3658-4111 | F316: 高 | G316: 普通科・専門学科 | J316: 未架電 | M316: 東京都の私立高校一覧ほかで一致。中高共通 | N316: https://www.seikatubunka.metro.tokyo.lg.jp/documents/d/seikatubunka/07high_zennichi_r61201 ; https://www.inter-edu.com/schools/school/2206 | O316: 開く
A317: 313 | B317: 東京都 | C317: 渋谷区 | D317: 青山学院高等部 | E317: 03-3409-3880 | F317: 中 | G317: 普通科 | J317: 未架電 | M317: 東京都の私立高校一覧の番号。03-3407-7463（中等部の番号の可能性）を載せるサイトもあり。公式未確認 | N317: https://www.seikatubunka.metro.tokyo.lg.jp/documents/d/seikatubunka/07high_zennichi_r61201 | O317: 開く
A318: 314 | B318: 東京都 | C318: 港区 | D318: 麻布高等学校 | E318: 03-3446-6541 | F318: 高 | G318: 普通科 | J318: 未架電 | M318: 中高共通 | N318: https://www.seikatubunka.metro.tokyo.lg.jp/documents/d/seikatubunka/07high_zennichi_r61201 ; https://www.inter-edu.com/schools/school/2 | O318: 開く
A319: 315 | B319: 東京都 | C319: 足立区 | D319: 足立学園高等学校 | E319: 03-3888-5331 | F319: 高 | G319: 普通科 | J319: 未架電 | M319: 東京都の私立高校一覧ほかで一致。中高共通 | N319: https://www.seikatubunka.metro.tokyo.lg.jp/documents/d/seikatubunka/07high_zennichi_r61201 | O319: 開く
A320: 316 | B320: 東京都 | C320: 文京区 | D320: 跡見学園高等学校 | E320: 03-3941-8167 | F320: 高 | G320: 普通科 | J320: 未架電 | M320: 中高共通。高校からの生徒募集なし（完全中高一貫） | N320: https://www.seikatubunka.metro.tokyo.lg.jp/documents/d/seikatubunka/07high_zennichi_r61201 ; https://www.inter-edu.com/schools/school/182 | O320: 開く
... A413: 409 | B413: 東京都 | C413: 足立区 | D413: 潤徳女子高等学校 | E413: 03-3881-7161 | F413: 高 | G413: 普通科 | J413: 未架電 | M413: 2つの情報源で一致 | N413: https://www.inter-edu.com/schools/school/607 ; https://www.univpress.co.jp/gk_pdf/13602.pdf | O413: 開く
A414: 410 | B414: 東京都 | C414: 目黒区 | D414: 自由ヶ丘学園高等学校 | F414: 要調査 | G414: 普通科 | J414: 未架電 | M414: 代表番号を確定できず。候補：03-3717-0388（学校情報サイト）／03-4330-2530（公式チラシの広報部） | N414: https://school.js88.com/scl_h/22039000/ ; https://www.jiyugaoka.ed.jp/wp-content/uploads/2026/06/2026オープンスクールチラシ.pdf | O414: 開く
A415: 411 | B415: 東京都 | C415: 東久留米市 | D415: 自由学園高等科 | E415: 042-422-3111 | F415: 中 | G415: 普通科 | J415: 未架電 | M415: 学園全体の代表番号の可能性。高等部職員室の直通は042-422-1079 | N415: https://www.inter-edu.com/schools/school/2103 ; https://www.jiyu.ac.jp/nyushi/2027_sh.pdf | O415: 開く
A416: 412 | B416: 東京都 | C416: 豊島区 | D416: 城西大学附属城西高等学校 | E416: 03-3973-6331 | F416: 高 | G416: 普通科 | J416: 未架電 | M416: 中高共通 | N416: https://www.inter-edu.com/schools/school/1996 ; https://www.minkou.jp/junior/school/7807/ | O416: 開く
A417: 413 | B417: 東京都 | C417: 板橋区 | D417: 城北高等学校（東京都） | E417: 03-3956-3157 | F417: 高 | G417: 普通科 | J417: 未架電 | M417: 学校の募集要項に「代表」と記載。中高共通 | N417: https://www.johoku.ac.jp/media/47118 ; https://www.seikatubunka.metro.tokyo.lg.jp/documents/d/seikatubunka/07high_zennichi_r61201 | O417: 開く
A418: 414 | B418: 東京都 | C418: 千代田区 | D418: 女子学院高等学校 | E418: 03-3263-1711 | F418: 高 | G418: 普通科 | J418: 未架電 | M418: 中高共通。高校募集なし（完全中高一貫） | N418: https://www.inter-edu.com/schools/school/59 ; https://school.js88.com/scl_j/31130011 | O418: 開く
A419: 415 | B419: 東京都 | C419: 杉並区 | D419: 女子美術大学付属高等学校 | E419: 03-5340-4541 | F419: 高 | G419: 普通科 | J419: 未架電 | M419: 中高共通 | N419: https://www.seikatubunka.metro.tokyo.lg.jp/documents/d/seikatubunka/07high_zennichi_r61201 ; https://www.inter-edu.com/schools/school/2065 | O419: 開く
A420: 416 | B420: 東京都 | C420: 豊島区 | D420: 巣鴨高等学校 | E420: 03-3918-5311 | F420: 高 | G420: 普通科 | J420: 未架電 | M420: 中高共通。複数サイトで一致 | N420: https://www.inter-edu.com/schools/school/1945 | O420: 開く
...

Sheet 都道府県別集計
A1: 都道府県別 進捗集計（架電リストの入力に連動して自動計算）
A3: 都道府県 | B3: 学校数 | C3: 電話番号入力済 | D3: 架電済 | E3: 不在・折返し待ち | F3: 担当者不在 | G3: 資料送付 | H3: アポ獲得 | I3: 検討中 | J3: NG | K3: 番号不明
A4: 北海道 | B4: =COUNTIF('架電リスト'!$B$5:$B$807,A4) | C4: =COUNTIFS('架電リスト'!$B$5:$B$807,A4,'架電リスト'!$E$5:$E$807,"<>") | D4: =B4-COUNTIFS('架電リスト'!$B$5:$B$807,A4,'架電リスト'!$J$5:$J$807,"未架電")-COUNTIFS('架電リスト'!$B$5:$B$807,A4,'架電リスト'!$J$5:$J$807,"") | E4: =COUNTIFS('架電リスト'!$B$5:$B$807,$A4,'架電リスト'!$J$5:$J$807,"不在・折返し待ち") | F4: =COUNTIFS('架電リスト'!$B$5:$B$807,$A4,'架電リスト'!$J$5:$J$807,"担当者不在") | G4: =COUNTIFS('架電リスト'!$B$5:$B$807,$A4,'架電リスト'!$J$5:$J$807,"資料送付") | H4: =COUNTIFS('架電リスト'!$B$5:$B$807,$A4,'架電リスト'!$J$5:$J$807,"アポ獲得") | I4: =COUNTIFS('架電リスト'!$B$5:$B$807,$A4,'架電リスト'!$J$5:$J$807,"検討中") | J4: =COUNTIFS('架電リスト'!$B$5:$B$807,$A4,'架電リスト'!$J$5:$J$807,"NG") | K4: =COUNTIFS('架電リスト'!$B$5:$B$807,$A4,'架電リスト'!$J$5:$J$807,"番号不明")
A5: 青森県 | B5: =COUNTIF('架電リスト'!$B$5:$B$807,A5) | C5: =COUNTIFS('架電リスト'!$B$5:$B$807,A5,'架電リスト'!$E$5:$E$807,"<>") | D5: =B5-COUNTIFS('架電リスト'!$B$5:$B$807,A5,'架電リスト'!$J$5:$J$807,"未架電")-COUNTIFS('架電リスト'!$B$5:$B$807,A5,'架電リスト'!$J$5:$J$807,"") | E5: =COUNTIFS('架電リスト'!$B$5:$B$807,$A5,'架電リスト'!$J$5:$J$807,"不在・折返し待ち") | F5: =COUNTIFS('架電リスト'!$B$5:$B$807,$A5,'架電リスト'!$J$5:$J$807,"担当者不在") | G5: =COUNTIFS('架電リスト'!$B$5:$B$807,$A5,'架電リスト'!$J$5:$J$807,"資料送付") | H5: =COUNTIFS('架電リスト'!$B$5:$B$807,$A5,'架電リスト'!$J$5:$J$807,"アポ獲得") | I5: =COUNTIFS('架電リスト'!$B$5:$B$807,$A5,'架電リスト'!$J$5:$J$807,"検討中") | J5: =COUNTIFS('架電リスト'!$B$5:$B$807,$A5,'架電リスト'!$J$5:$J$807,"NG") | K5: =COUNTIFS('架電リスト'!$B$5:$B$807,$A5,'架電リスト'!$J$5:$J$807,"番号不明")
A6: 岩手県 | B6: =COUNTIF('架電リスト'!$B$5:$B$807,A6) | C6: =COUNTIFS('架電リスト'!$B$5:$B$807,A6,'架電リスト'!$E$5:$E$807,"<>") | D6: =B6-COUNTIFS('架電リスト'!$B$5:$B$807,A6,'架電リスト'!$J$5:$J$807,"未架電")-COUNTIFS('架電リスト'!$B$5:$B$807,A6,'架電リスト'!$J$5:$J$807,"") | E6: =COUNTIFS('架電リスト'!$B$5:$B$807,$A6,'架電リスト'!$J$5:$J$807,"不在・折返し待ち") | F6: =COUNTIFS('架電リスト'!$B$5:$B$807,$A6,'架電リスト'!$J$5:$J$807,"担当者不在") | G6: =COUNTIFS('架電リスト'!$B$5:$B$807,$A6,'架電リスト'!$J$5:$J$807,"資料送付") | H6: =COUNTIFS('架電リスト'!$B$5:$B$807,$A6,'架電リスト'!$J$5:$J$807,"アポ獲得") | I6: =COUNTIFS('架電リスト'!$B$5:$B$807,$A6,'架電リスト'!$J$5:$J$807,"検討中") | J6: =COUNTIFS('架電リスト'!$B$5:$B$807,$A6,'架電リスト'!$J$5:$J$807,"NG") | K6: =COUNTIFS('架電リスト'!$B$5:$B$807,$A6,'架電リスト'!$J$5:$J$807,"番号不明")
A7: 宮城県 | B7: =COUNTIF('架電リスト'!$B$5:$B$807,A7) | C7: =COUNTIFS('架電リスト'!$B$5:$B$807,A7,'架電リスト'!$E$5:$E$807,"<>") | D7: =B7-COUNTIFS('架電リスト'!$B$5:$B$807,A7,'架電リスト'!$J$5:$J$807,"未架電")-COUNTIFS('架電リスト'!$B$5:$B$807,A7,'架電リスト'!$J$5:$J$807,"") | E7: =COUNTIFS('架電リスト'!$B$5:$B$807,$A7,'架電リスト'!$J$5:$J$807,"不在・折返し待ち") | F7: =COUNTIFS('架電リスト'!$B$5:$B$807,$A7,'架電リスト'!$J$5:$J$807,"担当者不在") | G7: =COUNTIFS('架電リスト'!$B$5:$B$807,$A7,'架電リスト'!$J$5:$J$807,"資料送付") | H7: =COUNTIFS('架電リスト'!$B$5:$B$807,$A7,'架電リスト'!$J$5:$J$807,"アポ獲得") | I7: =COUNTIFS('架電リスト'!$B$5:$B$807,$A7,'架電リスト'!$J$5:$J$807,"検討中") | J7: =COUNTIFS('架電リスト'!$B$5:$B$807,$A7,'架電リスト'!$J$5:$J$807,"NG") | K7: =COUNTIFS('架電リスト'!$B$5:$B$807,$A7,'架電リスト'!$J$5:$J$807,"番号不明")
A8: 秋田県 | B8: =COUNTIF('架電リスト'!$B$5:$B$807,A8) | C8: =COUNTIFS('架電リスト'!$B$5:$B$807,A8,'架電リスト'!$E$5:$E$807,"<>") | D8: =B8-COUNTIFS('架電リスト'!$B$5:$B$807,A8,'架電リスト'!$J$5:$J$807,"未架電")-COUNTIFS('架電リスト'!$B$5:$B$807,A8,'架電リスト'!$J$5:$J$807,"") | E8: =COUNTIFS('架電リスト'!$B$5:$B$807,$A8,'架電リスト'!$J$5:$J$807,"不在・折返し待ち") | F8: =COUNTIFS('架電リスト'!$B$5:$B$807,$A8,'架電リスト'!$J$5:$J$807,"担当者不在") | G8: =COUNTIFS('架電リスト'!$B$5:$B$807,$A8,'架電リスト'!$J$5:$J$807,"資料送付") | H8: =COUNTIFS('架電リスト'!$B$5:$B$807,$A8,'架電リスト'!$J$5:$J$807,"アポ獲得") | I8: =COUNTIFS('架電リスト'!$B$5:$B$807,$A8,'架電リスト'!$J$5:$J$807,"検討中") | J8: =COUNTIFS('架電リスト'!$B$5:$B$807,$A8,'架電リスト'!$J$5:$J$807,"NG") | K8: =COUNTIFS('架電リスト'!$B$5:$B$807,$A8,'架電リスト'!$J$5:$J$807,"番号不明")
A9: 山形県 | B9: =COUNTIF('架電リスト'!$B$5:$B$807,A9) | C9: =COUNTIFS('架電リスト'!$B$5:$B$807,A9,'架電リスト'!$E$5:$E$807,"<>") | D9: =B9-COUNTIFS('架電リスト'!$B$5:$B$807,A9,'架電リスト'!$J$5:$J$807,"未架電")-COUNTIFS('架電リスト'!$B$5:$B$807,A9,'架電リスト'!$J$5:$J$807,"") | E9: =COUNTIFS('架電リスト'!$B$5:$B$807,$A9,'架電リスト'!$J$5:$J$807,"不在・折返し待ち") | F9: =COUNTIFS('架電リスト'!$B$5:$B$807,$A9,'架電リスト'!$J$5:$J$807,"担当者不在") | G9: =COUNTIFS('架電リスト'!$B$5:$B$807,$A9,'架電リスト'!$J$5:$J$807,"資料送付") | H9: =COUNTIFS('架電リスト'!$B$5:$B$807,$A9,'架電リスト'!$J$5:$J$807,"アポ獲得") | I9: =COUNTIFS('架電リスト'!$B$5:$B$807,$A9,'架電リスト'!$J$5:$J$807,"検討中") | J9: =COUNTIFS('架電リスト'!$B$5:$B$807,$A9,'架電リスト'!$J$5:$J$807,"NG") | K9: =COUNTIFS('架電リスト'!$B$5:$B$807,$A9,'架電リスト'!$J$5:$J$807,"番号不明")
A10: 福島県 | B10: =COUNTIF('架電リスト'!$B$5:$B$807,A10) | C10: =COUNTIFS('架電リスト'!$B$5:$B$807,A10,'架電リスト'!$E$5:$E$807,"<>") | D10: =B10-COUNTIFS('架電リスト'!$B$5:$B$807,A10,'架電リスト'!$J$5:$J$807,"未架電")-COUNTIFS('架電リスト'!$B$5:$B$807,A10,'架電リスト'!$J$5:$J$807,"") | E10: =COUNTIFS('架電リスト'!$B$5:$B$807,$A10,'架電リスト'!$J$5:$J$807,"不在・折返し待ち") | F10: =COUNTIFS('架電リスト'!$B$5:$B$807,$A10,'架電リスト'!$J$5:$J$807,"担当者不在") | G10: =COUNTIFS('架電リスト'!$B$5:$B$807,$A10,'架電リスト'!$J$5:$J$807,"資料送付") | H10: =COUNTIFS('架電リスト'!$B$5:$B$807,$A10,'架電リスト'!$J$5:$J$807,"アポ獲得") | I10: =COUNTIFS('架電リスト'!$B$5:$B$807,$A10,'架電リスト'!$J$5:$J$807,"検討中") | J10: =COUNTIFS('架電リスト'!$B$5:$B$807,$A10,'架電リスト'!$J$5:$J$807,"NG") | K10: =COUNTIFS('架電リスト'!$B$5:$B$807,$A10,'架電リスト'!$J$5:$J$807,"番号不明")
A11: 茨城県 | B11: =COUNTIF('架電リスト'!$B$5:$B$807,A11) | C11: =COUNTIFS('架電リスト'!$B$5:$B$807,A11,'架電リスト'!$E$5:$E$807,"<>") | D11: =B11-COUNTIFS('架電リスト'!$B$5:$B$807,A11,'架電リスト'!$J$5:$J$807,"未架電")-COUNTIFS('架電リスト'!$B$5:$B$807,A11,'架電リスト'!$J$5:$J$807,"") | E11: =COUNTIFS('架電リスト'!$B$5:$B$807,$A11,'架電リスト'!$J$5:$J$807,"不在・折返し待ち") | F11: =COUNTIFS('架電リスト'!$B$5:$B$807,$A11,'架電リスト'!$J$5:$J$807,"担当者不在") | G11: =COUNTIFS('架電リスト'!$B$5:$B$807,$A11,'架電リスト'!$J$5:$J$807,"資料送付") | H11: =COUNTIFS('架電リスト'!$B$5:$B$807,$A11,'架電リスト'!$J$5:$J$807,"アポ獲得") | I11: =COUNTIFS('架電リスト'!$B$5:$B$807,$A11,'架電リスト'!$J$5:$J$807,"検討中") | J11: =COUNTIFS('架電リスト'!$B$5:$B$807,$A11,'架電リスト'!$J$5:$J$807,"NG") | K11: =COUNTIFS('架電リスト'!$B$5:$B$807,$A11,'架電リスト'!$J$5:$J$807,"番号不明")
A12: 栃木県 | B12: =COUNTIF('架電リスト'!$B$5:$B$807,A12) | C12: =COUNTIFS('架電リスト'!$B$5:$B$807,A12,'架電リスト'!$E$5:$E$807,"<>") | D12: =B12-COUNTIFS('架電リスト'!$B$5:$B$807,A12,'架電リスト'!$J$5:$J$807,"未架電")-COUNTIFS('架電リスト'!$B$5:$B$807,A12,'架電リスト'!$J$5:$J$807,"") | E12: =COUNTIFS('架電リスト'!$B$5:$B$807,$A12,'架電リスト'!$J$5:$J$807,"不在・折返し待ち") | F12: =COUNTIFS('架電リスト'!$B$5:$B$807,$A12,'架電リスト'!$J$5:$J$807,"担当者不在") | G12: =COUNTIFS('架電リスト'!$B$5:$B$807,$A12,'架電リスト'!$J$5:$J$807,"資料送付") | H12: =COUNTIFS('架電リスト'!$B$5:$B$807,$A12,'架電リスト'!$J$5:$J$807,"アポ獲得") | I12: =COUNTIFS('架電リスト'!$B$5:$B$807,$A12,'架電リスト'!$J$5:$J$807,"検討中") | J12: =COUNTIFS('架電リスト'!$B$5:$B$807,$A12,'架電リスト'!$J$5:$J$807,"NG") | K12: =COUNTIFS('架電リスト'!$B$5:$B$807,$A12,'架電リスト'!$J$5:$J$807,"番号不明")
A13: 群馬県 | B13: =COUNTIF('架電リスト'!$B$5:$B$807,A13) | C13: =COUNTIFS('架電リスト'!$B$5:$B$807,A13,'架電リスト'!$E$5:$E$807,"<>") | D13: =B13-COUNTIFS('架電リスト'!$B$5:$B$807,A13,'架電リスト'!$J$5:$J$807,"未架電")-COUNTIFS('架電リスト'!$B$5:$B$807,A13,'架電リスト'!$J$5:$J$807,"") | E13: =COUNTIFS('架電リスト'!$B$5:$B$807,$A13,'架電リスト'!$J$5:$J$807,"不在・折返し待ち") | F13: =COUNTIFS('架電リスト'!$B$5:$B$807,$A13,'架電リスト'!$J$5:$J$807,"担当者不在") | G13: =COUNTIFS('架電リスト'!$B$5:$B$807,$A13,'架電リスト'!$J$5:$J$807,"資料送付") | H13: =COUNTIFS('架電リスト'!$B$5:$B$807,$A13,'架電リスト'!$J$5:$J$807,"アポ獲得") | I13: =COUNTIFS('架電リスト'!$B$5:$B$807,$A13,'架電リスト'!$J$5:$J$807,"検討中") | J13: =COUNTIFS('架電リスト'!$B$5:$B$807,$A13,'架電リスト'!$J$5:$J$807,"NG") | K13: =COUNTIFS('架電リスト'!$B$5:$B$807,$A13,'架電リスト'!$J$5:$J$807,"番号不明")
A14: 埼玉県 | B14: =COUNTIF('架電リスト'!$B$5:$B$807,A14) | C14: =COUNTIFS('架電リスト'!$B$5:$B$807,A14,'架電リスト'!$E$5:$E$807,"<>") | D14: =B14-COUNTIFS('架電リスト'!$B$5:$B$807,A14,'架電リスト'!$J$5:$J$807,"未架電")-COUNTIFS('架電リスト'!$B$5:$B$807,A14,'架電リスト'!$J$5:$J$807,"") | E14: =COUNTIFS('架電リスト'!$B$5:$B$807,$A14,'架電リスト'!$J$5:$J$807,"不在・折返し待ち") | F14: =COUNTIFS('架電リスト'!$B$5:$B$807,$A14,'架電リスト'!$J$5:$J$807,"担当者不在") | G14: =COUNTIFS('架電リスト'!$B$5:$B$807,$A14,'架電リスト'!$J$5:$J$807,"資料送付") | H14: =COUNTIFS('架電リスト'!$B$5:$B$807,$A14,'架電リスト'!$J$5:$J$807,"アポ獲得") | I14: =COUNTIFS('架電リスト'!$B$5:$B$807,$A14,'架電リスト'!$J$5:$J$807,"検討中") | J14: =COUNTIFS('架電リスト'!$B$5:$B$807,$A14,'架電リスト'!$J$5:$J$807,"NG") | K14: =COUNTIFS('架電リスト'!$B$5:$B$807,$A14,'架電リスト'!$J$5:$J$807,"番号不明")
A15: 千葉県 | B15: =COUNTIF('架電リスト'!$B$5:$B$807,A15) | C15: =COUNTIFS('架電リスト'!$B$5:$B$807,A15,'架電リスト'!$E$5:$E$807,"<>") | D15: =B15-COUNTIFS('架電リスト'!$B$5:$B$807,A15,'架電リスト'!$J$5:$J$807,"未架電")-COUNTIFS('架電リスト'!$B$5:$B$807,A15,'架電リスト'!$J$5:$J$807,"") | E15: =COUNTIFS('架電リスト'!$B$5:$B$807,$A15,'架電リスト'!$J$5:$J$807,"不在・折返し待ち") | F15: =COUNTIFS('架電リスト'!$B$5:$B$807,$A15,'架電リスト'!$J$5:$J$807,"担当者不在") | G15: =COUNTIFS('架電リスト'!$B$5:$B$807,$A15,'架電リスト'!$J$5:$J$807,"資料送付") | H15: =COUNTIFS('架電リスト'!$B$5:$B$807,$A15,'架電リスト'!$J$5:$J$807,"アポ獲得") | I15: =COUNTIFS('架電リスト'!$B$5:$B$807,$A15,'架電リスト'!$J$5:$J$807,"検討中") | J15: =COUNTIFS('架電リスト'!$B$5:$B$807,$A15,'架電リスト'!$J$5:$J$807,"NG") | K15: =COUNTIFS('架電リスト'!$B$5:$B$807,$A15,'架電リスト'!$J$5:$J$807,"番号不明")
... A25: 愛知県 | B25: =COUNTIF('架電リスト'!$B$5:$B$807,A25) | C25: =COUNTIFS('架電リスト'!$B$5:$B$807,A25,'架電リスト'!$E$5:$E$807,"<>") | D25: =B25-COUNTIFS('架電リスト'!$B$5:$B$807,A25,'架電リスト'!$J$5:$J$807,"未架電")-COUNTIFS('架電リスト'!$B$5:$B$807,A25,'架電リスト'!$J$5:$J$807,"") | E25: =COUNTIFS('架電リスト'!$B$5:$B$807,$A25,'架電リスト'!$J$5:$J$807,"不在・折返し待ち") | F25: =COUNTIFS('架電リスト'!$B$5:$B$807,$A25,'架電リスト'!$J$5:$J$807,"担当者不在") | G25: =COUNTIFS('架電リスト'!$B$5:$B$807,$A25,'架電リスト'!$J$5:$J$807,"資料送付") | H25: =COUNTIFS('架電リスト'!$B$5:$B$807,$A25,'架電リスト'!$J$5:$J$807,"アポ獲得") | I25: =COUNTIFS('架電リスト'!$B$5:$B$807,$A25,'架電リスト'!$J$5:$J$807,"検討中") | J25: =COUNTIFS('架電リスト'!$B$5:$B$807,$A25,'架電リスト'!$J$5:$J$807,"NG") | K25: =COUNTIFS('架電リスト'!$B$5:$B$807,$A25,'架電リスト'!$J$5:$J$807,"番号不明")
A26: 合計 | B26: =SUM(B4:B25) | C26: =SUM(C4:C25) | D26: =SUM(D4:D25) | E26: =SUM(E4:E25) | F26: =SUM(F4:F25) | G26: =SUM(G4:G25) | H26: =SUM(H4:H25) | I26: =SUM(I4:I25) | ... K26: =SUM(K4:K25)

Sheet 使い方・注意事項
A1: ■ 使い方
A2: ・「架電リスト」の黄色の列（電話番号・架電日・担当者・架電結果・次回連絡日・メモ）に入力してください。
A3: ・架電結果はプルダウンから選択します（アポ獲得＝緑、NG＝グレーで行が自動着色）。
A4: ・「学校情報ページ」の「開く」をクリックすると、学校ネットの各校ページが開きます。
A5: ・「番号の確度」：高＝公式サイト、または2つ以上の情報源で一致／中＝情報サイト1件のみ、または代表番号と断定できず（補足欄参照）／低・要調査＝特定できず。
A6: ・「電話番号の補足」に、代表番号の共有・別番号（入試事務局など）・移転などの注意を記載しています。架電前にご確認ください。
A7: ・都道府県や市区町村で絞り込む場合は、見出し行の▼（フィルター）を使用してください。
A8: ・集計シートは入力内容に連動して自動で集計されます。
A10: ■ 元データについての注意
A11: ・出典：ご提供いただいた学校ネットの検索結果（私立高校・北海道・東北・関東・中部22都道県、803校）の貼り付けデータ。並び順は都道府県ごとに元データの掲載順です。
A12: ・電話番号は元データに記載がないため、2026年10月にWeb検索（学校公式サイト、JS日本の学校、みんなの高校情報、自治体・ハローワーク・各道県の私学協会の資料など）で調査しました。推測による補完はしていません。
A13: ・通信制（広域通信制）の学校は、所在地・電話番号とも本校のものです。架電先（本校／各キャンパス）にご注意ください。
A14: ・閉校・統合・校名変更などは反映されていない可能性があります。架電前にご確認ください。
