Workbook

Sheet 架電リスト
A1: 私立高等学校 架電リスト（群馬県／13校）
A2: 出典：学校ネット 私立高校検索結果（ご提供の貼り付けデータ）。電話番号は2026年10月にWeb検索で調査（確度はF列、出典はN列）。架電前に「確度：中・低」の番号は念のためご確認ください。
A4: No. | B4: 都道府県 | C4: 所在地（市区町村） | D4: 学校名 | E4: 電話番号 | F4: 番号の確度 | G4: 学科 | H4: 架電日 | I4: 担当者 | J4: 架電結果 | K4: 次回連絡日 | L4: メモ | M4: 電話番号の補足 | N4: 電話番号の出典 | O4: 学校情報ページ
A5: 1 | B5: 群馬県 | C5: 桐生市 | D5: Ｒ高等学校 | E5: 0277-66-9943 | F5: 中 | G5: 普通科 | J5: 未架電 | M5: 群馬県の私立学校名簿に載っている桐生本校の番号（広域通信制、2025年4月開校、N高グループ）。公式の窓口は入学相談のフリーダイヤル0120-0252-15 | N5: https://www.pref.gunma.jp/page/3563.html ; https://nnn.ed.jp/campus/r_high_school/ | O5: 開く
A6: 2 | B6: 群馬県 | C6: 館林市 | D6: 関東学園大学附属高等学校 | E6: 0276-74-1213 | F6: 高 | G6: 普通科 | J6: 未架電 | M6: 公式サイトに「代表」と記載。学校法人の代表（0276-74-1211）とは別 | N6: https://www.kanto-gakuen.ac.jp/high/access.htm | O6: 開く
A7: 3 | B7: 群馬県 | C7: 前橋市 | D7: 共愛学園高等学校 | E7: 027-267-1000 | F7: 高 | G7: 普通科・専門学科 | J7: 未架電 | M7: 群馬県の一覧と学校情報サイトで一致。中学校と共通 | N7: https://school.js88.com/scl_h/22002880 ; https://www.pref.gunma.jp/03/a3510009.html | O7: 開く
A8: 4 | B8: 群馬県 | C8: 桐生市 | D8: 桐生第一高等学校 | E8: 0277-22-8131 | F8: 高 | G8: 普通科・専門学科 | J8: 未架電 | M8: 群馬県の名簿と学校情報サイトで一致。併設中学校は別番号（0277-48-8600） | N8: https://school.js88.com/scl_h/22002890/ ; https://www.pref.gunma.jp/page/3563.html | O8: 開く
A9: 5 | B9: 群馬県 | C9: 中之条町 | D9: 白根開善学校高等部 | E9: 0279-95-5311 | F9: 高 | G9: 普通科 | J9: 未架電 | M9: 群馬県の名簿と学校情報サイトで一致。中等部と共通。全寮制 | N9: https://school.js88.com/scl_h/22002990 ; https://www.pref.gunma.jp/page/3563.html | O9: 開く
A10: 6 | B10: 群馬県 | C10: 桐生市 | D10: 樹徳高等学校 | E10: 0277-45-2258 | F10: 高 | G10: 普通科 | J10: 未架電 | M10: 群馬県の資料と学校情報サイトで一致。グラウンドの番号は別 | N10: https://center.gsn.ed.jp/school/dai_you/kou_s ; https://www.pref.gunma.jp/page/3563.html | O10: 開く
A11: 7 | B11: 群馬県 | C11: 高崎市 | D11: 高崎健康福祉大学高崎高等学校 | E11: 027-352-3460 | F11: 高 | G11: 普通科 | J11: 未架電 | M11: 公式サイトに「代表」と記載 | N11: https://www.tuhw-h.ed.jp/inquiry/ | O11: 開く
A12: 8 | B12: 群馬県 | C12: 高崎市 | D12: 高崎商科大学附属高等学校 | E12: 027-322-2827 | F12: 高 | G12: 普通科・専門学科 | J12: 未架電 | M12: 群馬県の私立学校名簿と学校情報サイトで一致 | N12: https://www.pref.gunma.jp/page/3563.html ; https://school.js88.com/scl_h/22002930 | O12: 開く
A13: 9 | B13: 群馬県 | C13: 高崎市 | D13: 東京農業大学第二高等学校 | E13: 027-323-1483 | F13: 高 | G13: 普通科 | J13: 未架電 | M13: 公式サイトで確認。校内塾（027-324-8800）は別番号 | N13: https://www.nodai-2-h.ed.jp/access/ | O13: 開く
A14: 10 | B14: 群馬県 | C14: 太田市 | D14: 常磐高等学校（群馬県） | E14: 0276-45-4372 | F14: 高 | G14: 普通科 | J14: 未架電 | M14: 群馬県の私立学校名簿（R5）と学校情報サイトで一致 | N14: https://www.pref.gunma.jp/uploaded/attachment/160391.pdf ; https://school.js88.com/scl_h/22002900/ | O14: 開く
A15: 11 | B15: 群馬県 | C15: 安中市 | D15: 新島学園高等学校 | E15: 027-381-0240 | F15: 高 | G15: 普通科 | J15: 未架電 | M15: 複数の情報源で一致、公式サイトでは未確認 | N15: https://school.js88.com/scl_h/22002910/ ; https://www.mapion.co.jp/phonebook/M11004/10211/ILSP0000041225_ipclm/ | O15: 開く
A16: 12 | B16: 群馬県 | C16: 前橋市 | D16: 前橋育英高等学校 | E16: 027-251-7087 | F16: 高 | G16: 普通科・専門学科 | J16: 未架電 | M16: 複数の情報源で一致、公式サイトでは未確認 | N16: https://school.js88.com/scl_h/22002970/ ; https://www.mapion.co.jp/phonebook/M11004/10201/ILSP0000041902_ipclm/ | O16: 開く
A17: 13 | B17: 群馬県 | C17: 高崎市 | D17: 明和県央高等学校 | E17: 027-373-5773 | F17: 高 | G17: 普通科 | J17: 未架電 | M17: 公式サイトに「代表」と記載 | N17: https://www.meiwakenoh.ed.jp/accessmap/ | O17: 開く

Sheet 市区町村別集計
A1: 市区町村別 進捗集計（架電リストの入力に連動して自動計算）
A3: 所在地 | B3: 学校数 | C3: 電話番号入力済 | D3: 架電済 | E3: 不在・折返し待ち | F3: 担当者不在 | G3: 資料送付 | H3: アポ獲得 | I3: 検討中 | J3: NG | K3: 番号不明
A4: 高崎市 | B4: =COUNTIF('架電リスト'!$C$5:$C$17,A4) | C4: =COUNTIFS('架電リスト'!$C$5:$C$17,A4,'架電リスト'!$E$5:$E$17,"<>") | D4: =B4-COUNTIFS('架電リスト'!$C$5:$C$17,A4,'架電リスト'!$J$5:$J$17,"未架電")-COUNTIFS('架電リスト'!$C$5:$C$17,A4,'架電リスト'!$J$5:$J$17,"") | E4: =COUNTIFS('架電リスト'!$C$5:$C$17,$A4,'架電リスト'!$J$5:$J$17,"不在・折返し待ち") | F4: =COUNTIFS('架電リスト'!$C$5:$C$17,$A4,'架電リスト'!$J$5:$J$17,"担当者不在") | G4: =COUNTIFS('架電リスト'!$C$5:$C$17,$A4,'架電リスト'!$J$5:$J$17,"資料送付") | H4: =COUNTIFS('架電リスト'!$C$5:$C$17,$A4,'架電リスト'!$J$5:$J$17,"アポ獲得") | I4: =COUNTIFS('架電リスト'!$C$5:$C$17,$A4,'架電リスト'!$J$5:$J$17,"検討中") | J4: =COUNTIFS('架電リスト'!$C$5:$C$17,$A4,'架電リスト'!$J$5:$J$17,"NG") | K4: =COUNTIFS('架電リスト'!$C$5:$C$17,$A4,'架電リスト'!$J$5:$J$17,"番号不明")
A5: 桐生市 | B5: =COUNTIF('架電リスト'!$C$5:$C$17,A5) | C5: =COUNTIFS('架電リスト'!$C$5:$C$17,A5,'架電リスト'!$E$5:$E$17,"<>") | D5: =B5-COUNTIFS('架電リスト'!$C$5:$C$17,A5,'架電リスト'!$J$5:$J$17,"未架電")-COUNTIFS('架電リスト'!$C$5:$C$17,A5,'架電リスト'!$J$5:$J$17,"") | E5: =COUNTIFS('架電リスト'!$C$5:$C$17,$A5,'架電リスト'!$J$5:$J$17,"不在・折返し待ち") | F5: =COUNTIFS('架電リスト'!$C$5:$C$17,$A5,'架電リスト'!$J$5:$J$17,"担当者不在") | G5: =COUNTIFS('架電リスト'!$C$5:$C$17,$A5,'架電リスト'!$J$5:$J$17,"資料送付") | H5: =COUNTIFS('架電リスト'!$C$5:$C$17,$A5,'架電リスト'!$J$5:$J$17,"アポ獲得") | I5: =COUNTIFS('架電リスト'!$C$5:$C$17,$A5,'架電リスト'!$J$5:$J$17,"検討中") | J5: =COUNTIFS('架電リスト'!$C$5:$C$17,$A5,'架電リスト'!$J$5:$J$17,"NG") | K5: =COUNTIFS('架電リスト'!$C$5:$C$17,$A5,'架電リスト'!$J$5:$J$17,"番号不明")
A6: 前橋市 | B6: =COUNTIF('架電リスト'!$C$5:$C$17,A6) | C6: =COUNTIFS('架電リスト'!$C$5:$C$17,A6,'架電リスト'!$E$5:$E$17,"<>") | D6: =B6-COUNTIFS('架電リスト'!$C$5:$C$17,A6,'架電リスト'!$J$5:$J$17,"未架電")-COUNTIFS('架電リスト'!$C$5:$C$17,A6,'架電リスト'!$J$5:$J$17,"") | E6: =COUNTIFS('架電リスト'!$C$5:$C$17,$A6,'架電リスト'!$J$5:$J$17,"不在・折返し待ち") | F6: =COUNTIFS('架電リスト'!$C$5:$C$17,$A6,'架電リスト'!$J$5:$J$17,"担当者不在") | G6: =COUNTIFS('架電リスト'!$C$5:$C$17,$A6,'架電リスト'!$J$5:$J$17,"資料送付") | H6: =COUNTIFS('架電リスト'!$C$5:$C$17,$A6,'架電リスト'!$J$5:$J$17,"アポ獲得") | I6: =COUNTIFS('架電リスト'!$C$5:$C$17,$A6,'架電リスト'!$J$5:$J$17,"検討中") | J6: =COUNTIFS('架電リスト'!$C$5:$C$17,$A6,'架電リスト'!$J$5:$J$17,"NG") | K6: =COUNTIFS('架電リスト'!$C$5:$C$17,$A6,'架電リスト'!$J$5:$J$17,"番号不明")
A7: 館林市 | B7: =COUNTIF('架電リスト'!$C$5:$C$17,A7) | C7: =COUNTIFS('架電リスト'!$C$5:$C$17,A7,'架電リスト'!$E$5:$E$17,"<>") | D7: =B7-COUNTIFS('架電リスト'!$C$5:$C$17,A7,'架電リスト'!$J$5:$J$17,"未架電")-COUNTIFS('架電リスト'!$C$5:$C$17,A7,'架電リスト'!$J$5:$J$17,"") | E7: =COUNTIFS('架電リスト'!$C$5:$C$17,$A7,'架電リスト'!$J$5:$J$17,"不在・折返し待ち") | F7: =COUNTIFS('架電リスト'!$C$5:$C$17,$A7,'架電リスト'!$J$5:$J$17,"担当者不在") | G7: =COUNTIFS('架電リスト'!$C$5:$C$17,$A7,'架電リスト'!$J$5:$J$17,"資料送付") | H7: =COUNTIFS('架電リスト'!$C$5:$C$17,$A7,'架電リスト'!$J$5:$J$17,"アポ獲得") | I7: =COUNTIFS('架電リスト'!$C$5:$C$17,$A7,'架電リスト'!$J$5:$J$17,"検討中") | J7: =COUNTIFS('架電リスト'!$C$5:$C$17,$A7,'架電リスト'!$J$5:$J$17,"NG") | K7: =COUNTIFS('架電リスト'!$C$5:$C$17,$A7,'架電リスト'!$J$5:$J$17,"番号不明")
A8: 中之条町 | B8: =COUNTIF('架電リスト'!$C$5:$C$17,A8) | C8: =COUNTIFS('架電リスト'!$C$5:$C$17,A8,'架電リスト'!$E$5:$E$17,"<>") | D8: =B8-COUNTIFS('架電リスト'!$C$5:$C$17,A8,'架電リスト'!$J$5:$J$17,"未架電")-COUNTIFS('架電リスト'!$C$5:$C$17,A8,'架電リスト'!$J$5:$J$17,"") | E8: =COUNTIFS('架電リスト'!$C$5:$C$17,$A8,'架電リスト'!$J$5:$J$17,"不在・折返し待ち") | F8: =COUNTIFS('架電リスト'!$C$5:$C$17,$A8,'架電リスト'!$J$5:$J$17,"担当者不在") | G8: =COUNTIFS('架電リスト'!$C$5:$C$17,$A8,'架電リスト'!$J$5:$J$17,"資料送付") | H8: =COUNTIFS('架電リスト'!$C$5:$C$17,$A8,'架電リスト'!$J$5:$J$17,"アポ獲得") | I8: =COUNTIFS('架電リスト'!$C$5:$C$17,$A8,'架電リスト'!$J$5:$J$17,"検討中") | J8: =COUNTIFS('架電リスト'!$C$5:$C$17,$A8,'架電リスト'!$J$5:$J$17,"NG") | K8: =COUNTIFS('架電リスト'!$C$5:$C$17,$A8,'架電リスト'!$J$5:$J$17,"番号不明")
A9: 太田市 | B9: =COUNTIF('架電リスト'!$C$5:$C$17,A9) | C9: =COUNTIFS('架電リスト'!$C$5:$C$17,A9,'架電リスト'!$E$5:$E$17,"<>") | D9: =B9-COUNTIFS('架電リスト'!$C$5:$C$17,A9,'架電リスト'!$J$5:$J$17,"未架電")-COUNTIFS('架電リスト'!$C$5:$C$17,A9,'架電リスト'!$J$5:$J$17,"") | E9: =COUNTIFS('架電リスト'!$C$5:$C$17,$A9,'架電リスト'!$J$5:$J$17,"不在・折返し待ち") | F9: =COUNTIFS('架電リスト'!$C$5:$C$17,$A9,'架電リスト'!$J$5:$J$17,"担当者不在") | G9: =COUNTIFS('架電リスト'!$C$5:$C$17,$A9,'架電リスト'!$J$5:$J$17,"資料送付") | H9: =COUNTIFS('架電リスト'!$C$5:$C$17,$A9,'架電リスト'!$J$5:$J$17,"アポ獲得") | I9: =COUNTIFS('架電リスト'!$C$5:$C$17,$A9,'架電リスト'!$J$5:$J$17,"検討中") | J9: =COUNTIFS('架電リスト'!$C$5:$C$17,$A9,'架電リスト'!$J$5:$J$17,"NG") | K9: =COUNTIFS('架電リスト'!$C$5:$C$17,$A9,'架電リスト'!$J$5:$J$17,"番号不明")
A10: 安中市 | B10: =COUNTIF('架電リスト'!$C$5:$C$17,A10) | C10: =COUNTIFS('架電リスト'!$C$5:$C$17,A10,'架電リスト'!$E$5:$E$17,"<>") | D10: =B10-COUNTIFS('架電リスト'!$C$5:$C$17,A10,'架電リスト'!$J$5:$J$17,"未架電")-COUNTIFS('架電リスト'!$C$5:$C$17,A10,'架電リスト'!$J$5:$J$17,"") | E10: =COUNTIFS('架電リスト'!$C$5:$C$17,$A10,'架電リスト'!$J$5:$J$17,"不在・折返し待ち") | F10: =COUNTIFS('架電リスト'!$C$5:$C$17,$A10,'架電リスト'!$J$5:$J$17,"担当者不在") | G10: =COUNTIFS('架電リスト'!$C$5:$C$17,$A10,'架電リスト'!$J$5:$J$17,"資料送付") | H10: =COUNTIFS('架電リスト'!$C$5:$C$17,$A10,'架電リスト'!$J$5:$J$17,"アポ獲得") | I10: =COUNTIFS('架電リスト'!$C$5:$C$17,$A10,'架電リスト'!$J$5:$J$17,"検討中") | J10: =COUNTIFS('架電リスト'!$C$5:$C$17,$A10,'架電リスト'!$J$5:$J$17,"NG") | K10: =COUNTIFS('架電リスト'!$C$5:$C$17,$A10,'架電リスト'!$J$5:$J$17,"番号不明")
A11: 合計 | B11: =SUM(B4:B10) | C11: =SUM(C4:C10) | D11: =SUM(D4:D10) | E11: =SUM(E4:E10) | F11: =SUM(F4:F10) | G11: =SUM(G4:G10) | H11: =SUM(H4:H10) | I11: =SUM(I4:I10) | ... K11: =SUM(K4:K10)

Sheet 使い方・注意事項
A1: ■ 使い方
A2: ・「架電リスト」の黄色の列（電話番号・架電日・担当者・架電結果・次回連絡日・メモ）に入力してください。
A3: ・架電結果はプルダウンから選択します（アポ獲得＝緑、NG＝グレーで行が自動着色）。
A4: ・「学校情報ページ」の「開く」をクリックすると、学校ネットの各校ページが開きます。
A5: ・「番号の確度」：高＝公式サイト、または2つ以上の情報源で一致／中＝情報サイト1件のみ、または代表番号と断定できず（補足欄参照）／低・要調査＝特定できず。
A6: ・「電話番号の補足」に、代表番号の共有・別番号（入試事務局など）・移転などの注意を記載しています。架電前にご確認ください。
A7: ・都道府県や市区町村で絞り込む場合は、見出し行の▼（フィルター）を使用してください。
A8: ・集計シートは入力内容に連動して自動で集計されます。
A10: ■ 元データについての注意
A11: ・出典：ご提供いただいた学校ネットの検索結果（私立高校・群馬県、13校）の貼り付けデータ。並び順は都道府県ごとに元データの掲載順です。
A12: ・電話番号は元データに記載がないため、2026年10月にWeb検索（学校公式サイト、JS日本の学校、みんなの高校情報、自治体・ハローワーク・各道県の私学協会の資料など）で調査しました。推測による補完はしていません。
A13: ・通信制（広域通信制）の学校は、所在地・電話番号とも本校のものです。架電先（本校／各キャンパス）にご注意ください。
A14: ・閉校・統合・校名変更などは反映されていない可能性があります。架電前にご確認ください。
