Workbook

Sheet 使い方
B2: 名札作成システム（ラベルマイティ17 代替テンプレート）
B4: ■ このブックについて
B5: 「ラベルマイティ17」製造中止に伴い、名札印刷業務をExcelで代替するためのテンプレートです。
B6: 「名簿」シートに氏名などを入力し、「大きい名札」「小さい名札」シートで1件ずつ印刷します。
B8: ■ 操作手順
B9: ① 「名簿」シートに氏名・ふりがな・所属（クラス／部署）などを入力する。
B10: ② 「大きい名札」または「小さい名札」シートを開き、黄色いセル（No.欄）に印刷したい人の名簿番号を入力する。
B11: ③ 名前などが自動的に反映されるので、内容を確認して印刷する（1名分＝1ページ）。
B12: ④ 名簿番号を変えて①〜③を繰り返すことで、複数名分の名札を順番に印刷できる。
B14: ■ 用紙サイズについて（重要）
B15: ・大きい名札 ：縦 540mm × 横 192mm
B16: ・小さい名札 ：縦 493mm × 横 200mm
... B29: ・ロゴ画像を貼りたい場合は、各シートの「ロゴ／備考欄」に画像を挿入してください。

Sheet 名簿
A1: No. | B1: 氏名 | C1: ふりがな | D1: 所属・クラス | E1: 備考 | G1: ※ No.列（A列）は自動採番されます。氏名から入力してください。
A2: 1 | B2: 山田 太郎 | C2: やまだ たろう | D2: 1年A組 | E2: 例）このまま入力例として編集してください
A3: 2 | B3: 佐藤 花子 | C3: さとう はなこ | D3: 1年A組
A4: 3 | B4: 鈴木 一郎 | C4: すずき いちろう | D4: 総務部
A5: =IF(B5="","",ROW()-1)
A6: =IF(B6="","",ROW()-1)
A7: =IF(B7="","",ROW()-1)
A8: =IF(B8="","",ROW()-1)
A9: =IF(B9="","",ROW()-1)
A10: =IF(B10="","",ROW()-1)
A11: =IF(B11="","",ROW()-1)
A12: =IF(B12="","",ROW()-1)
A13: =IF(B13="","",ROW()-1)
A14: =IF(B14="","",ROW()-1)
A15: =IF(B15="","",ROW()-1)
A16: =IF(B16="","",ROW()-1)
... A100: =IF(B100="","",ROW()-1)

Sheet 大きい名札
A1: No.入力 | B1: 1 | D1: （用紙サイズ：縦540mm×横192mm ※印刷方法は「使い方」シート参照）
A4: =IFERROR(INDEX(名簿!$D$2:$D$101,MATCH($B$1,名簿!$A$2:$A$101,0)),"") -> 1年A組
A8: =IFERROR(INDEX(名簿!$C$2:$C$101,MATCH($B$1,名簿!$A$2:$A$101,0)),"") -> やまだ たろう
A12: =IFERROR(INDEX(名簿!$B$2:$B$101,MATCH($B$1,名簿!$A$2:$A$101,0)),"") -> 山田 太郎
A21: （ロゴ・備考欄）

Sheet 小さい名札
A1: No.入力 | B1: 1 | D1: （用紙サイズ：縦493mm×横200mm ※印刷方法は「使い方」シート参照）
A4: =IFERROR(INDEX(名簿!$C$2:$C$101,MATCH($B$1,名簿!$A$2:$A$101,0)),"") -> やまだ たろう
A8: =IFERROR(INDEX(名簿!$B$2:$B$101,MATCH($B$1,名簿!$A$2:$A$101,0)),"") -> 山田 太郎
A16: （ロゴ・備考欄）
